Person 1,Person 2,Type,weight,book
Aegon-I-Targaryen,Harren-Hoare,Undirected,4,2
Aegon-I-Targaryen,Nan,Undirected,3,2
Aegon-I-Targaryen,Rhaenys-Targaryen,Undirected,4,2
Aegon-I-Targaryen,Tyrion-Lannister,Undirected,3,2
Aegon-I-Targaryen,Visenya-Targaryen,Undirected,3,2
Aegon-V-Targaryen,Aemon-Targaryen-(Maester-Aemon),Undirected,3,2
Aemon-Targaryen-(Maester-Aemon),Daeron-II-Targaryen,Undirected,3,2
Aemon-Targaryen-(Maester-Aemon),Jeor-Mormont,Undirected,9,2
Aemon-Targaryen-(Maester-Aemon),Jon-Snow,Undirected,11,2
Aemon-Targaryen-(Maester-Aemon),Maekar-I-Targaryen,Undirected,3,2
Aemon-Targaryen-(Maester-Aemon),Samwell-Tarly,Undirected,5,2
Aenys-Frey,Arya-Stark,Undirected,6,2
Aeron-Greyjoy,Dagmer,Undirected,5,2
Aeron-Greyjoy,Theon-Greyjoy,Undirected,17,2
Aerys-I-Targaryen,Robert-Baratheon,Undirected,3,2
Aerys-II-Targaryen,Eddard-Stark,Undirected,5,2
Aerys-II-Targaryen,Jaime-Lannister,Undirected,4,2
Aerys-II-Targaryen,Rhaegar-Targaryen,Undirected,4,2
Aerys-II-Targaryen,Robert-Baratheon,Undirected,6,2
Aerys-II-Targaryen,Tyrion-Lannister,Undirected,3,2
Aggar,Gariss,Undirected,3,2
Aggar,Gelmarr,Undirected,3,2
Aggar,Gynir,Undirected,3,2
Aggar,Ramsay-Snow,Undirected,4,2
Aggo,Belwas,Undirected,3,2
Aggo,Daenerys-Targaryen,Undirected,10,2
Aggo,Jhogo,Undirected,12,2
Aggo,Jorah-Mormont,Undirected,4,2
Aggo,Rakharo,Undirected,4,2
Alayaya,Dancy,Undirected,3,2
Alayaya,Tyrion-Lannister,Undirected,3,2
Alebelly,Bran-Stark,Undirected,7,2
Alebelly,Hayhead,Undirected,3,2
Alebelly,Jojen-Reed,Undirected,6,2
Alebelly,Mikken,Undirected,3,2
Alester-Florent,Cortnay-Penrose,Undirected,4,2
Alester-Florent,Davos-Seaworth,Undirected,3,2
Alester-Florent,Renly-Baratheon,Undirected,3,2
Alester-Florent,Stannis-Baratheon,Undirected,5,2
Allar-Deem,Janos-Slynt,Undirected,3,2
Allar-Deem,Tyrion-Lannister,Undirected,4,2
Allard-Seaworth,Davos-Seaworth,Undirected,5,2
Allard-Seaworth,Marya-Seaworth,Undirected,5,2
Allard-Seaworth,Stannis-Baratheon,Undirected,3,2
Alliser-Thorne,Jeor-Mormont,Undirected,3,2
Alliser-Thorne,Joffrey-Baratheon,Undirected,4,2
Alliser-Thorne,Jon-Snow,Undirected,3,2
Alliser-Thorne,Tyrion-Lannister,Undirected,8,2
Amabel,Arya-Stark,Undirected,6,2
Amabel,Harra,Undirected,4,2
Amory-Lorch,Arya-Stark,Undirected,9,2
Amory-Lorch,Cersei-Lannister,Undirected,4,2
Amory-Lorch,Chiswyck,Undirected,4,2
Amory-Lorch,Dunsen,Undirected,3,2
Amory-Lorch,Gendry,Undirected,3,2
Amory-Lorch,Gregor-Clegane,Undirected,7,2
Amory-Lorch,Hot-Pie,Undirected,3,2
Amory-Lorch,Ilyn-Payne,Undirected,4,2
Amory-Lorch,Joffrey-Baratheon,Undirected,7,2
Amory-Lorch,Meryn-Trant,Undirected,5,2
Amory-Lorch,Polliver,Undirected,3,2
Amory-Lorch,Rafford,Undirected,5,2
Amory-Lorch,Roose-Bolton,Undirected,3,2
Amory-Lorch,Sandor-Clegane,Undirected,5,2
Amory-Lorch,Tickler,Undirected,5,2
Amory-Lorch,Tywin-Lannister,Undirected,4,2
Amory-Lorch,Vargo-Hoat,Undirected,7,2
Amory-Lorch,Yoren,Undirected,5,2
Ardrian-Celtigar,Monford-Velaryon,Undirected,5,2
Aron-Santagar,Sandor-Clegane,Undirected,3,2
Arwyn-Oakheart,Randyll-Tarly,Undirected,3,2
Arya-Stark,Beric-Dondarrion,Undirected,5,2
Arya-Stark,Biter,Undirected,10,2
Arya-Stark,Bran-Stark,Undirected,10,2
Arya-Stark,Cersei-Lannister,Undirected,7,2
Arya-Stark,Chiswyck,Undirected,8,2
Arya-Stark,Dobber,Undirected,4,2
Arya-Stark,Dunsen,Undirected,3,2
Arya-Stark,Eddard-Stark,Undirected,6,2
Arya-Stark,Gendry,Undirected,36,2
Arya-Stark,Gregor-Clegane,Undirected,4,2
Arya-Stark,Harra,Undirected,3,2
Arya-Stark,Harren-Hoare,Undirected,7,2
Arya-Stark,Hot-Pie,Undirected,51,2
Arya-Stark,Jaime-Lannister,Undirected,3,2
Arya-Stark,Jaqen-Hghar,Undirected,25,2
Arya-Stark,Joffrey-Baratheon,Undirected,4,2
Arya-Stark,Jon-Snow,Undirected,13,2
Arya-Stark,Koss,Undirected,3,2
Arya-Stark,Lommy-Greenhands,Undirected,31,2
Arya-Stark,Nan,Undirected,5,2
Arya-Stark,Polliver,Undirected,3,2
Arya-Stark,Praed,Undirected,3,2
Arya-Stark,Rafford,Undirected,5,2
Arya-Stark,Rickon-Stark,Undirected,5,2
Arya-Stark,Robb-Stark,Undirected,15,2
Arya-Stark,Robert-Baratheon,Undirected,4,2
Arya-Stark,Roose-Bolton,Undirected,13,2
Arya-Stark,Rorge,Undirected,13,2
Arya-Stark,Sansa-Stark,Undirected,20,2
Arya-Stark,Syrio-Forel,Undirected,5,2
Arya-Stark,Tyrion-Lannister,Undirected,4,2
Arya-Stark,Tywin-Lannister,Undirected,13,2
Arya-Stark,Vargo-Hoat,Undirected,6,2
Arya-Stark,Weasel,Undirected,10,2
Arya-Stark,Weese,Undirected,15,2
Arya-Stark,Woth,Undirected,3,2
Arya-Stark,Yoren,Undirected,28,2
Arys-Oakheart,Joffrey-Baratheon,Undirected,6,2
Arys-Oakheart,Myrcella-Baratheon,Undirected,4,2
Arys-Oakheart,Sansa-Stark,Undirected,3,2
Asha-Greyjoy,Balon-Greyjoy,Undirected,3,2
Asha-Greyjoy,Dagmer,Undirected,5,2
Asha-Greyjoy,Theon-Greyjoy,Undirected,35,2
Asha-Greyjoy,Wex-Pyke,Undirected,3,2
Axell-Florent,Selyse-Florent,Undirected,3,2
Axell-Florent,Stannis-Baratheon,Undirected,6,2
Bael-the-Bard,Ygritte,Undirected,5,2
Ballabar,Podrick-Payne,Undirected,3,2
Ballabar,Tyrion-Lannister,Undirected,12,2
Balon-Greyjoy,Catelyn-Stark,Undirected,3,2
Balon-Greyjoy,Dagmer,Undirected,3,2
Balon-Greyjoy,Eddard-Stark,Undirected,4,2
Balon-Greyjoy,Robb-Stark,Undirected,5,2
Balon-Greyjoy,Robert-Baratheon,Undirected,4,2
Balon-Greyjoy,Theon-Greyjoy,Undirected,27,2
Balon-Greyjoy,Victarion-Greyjoy,Undirected,4,2
Balon-Swann,Joffrey-Baratheon,Undirected,6,2
Balon-Swann,Mandon-Moore,Undirected,3,2
Balon-Swann,Meryn-Trant,Undirected,3,2
Balon-Swann,Osmund-Kettleblack,Undirected,4,2
Balon-Swann,Tyrion-Lannister,Undirected,8,2
Barristan-Selmy,Belwas,Undirected,5,2
Barristan-Selmy,Cersei-Lannister,Undirected,5,2
Barristan-Selmy,Daenerys-Targaryen,Undirected,3,2
Barristan-Selmy,Joffrey-Baratheon,Undirected,7,2
Barristan-Selmy,Robert-Baratheon,Undirected,3,2
Barristan-Selmy,Varys,Undirected,3,2
Belwas,Daenerys-Targaryen,Undirected,5,2
Belwas,Jhogo,Undirected,3,2
Belwas,Jorah-Mormont,Undirected,4,2
Benfred-Tallhart,Helman-Tallhart,Undirected,3,2
Benfred-Tallhart,Leobald-Tallhart,Undirected,3,2
Benfred-Tallhart,Stygg,Undirected,3,2
Benfred-Tallhart,Theon-Greyjoy,Undirected,7,2
Benjen-Stark,Jeor-Mormont,Undirected,5,2
Beric-Dondarrion,Thoros-of-Myr,Undirected,3,2
Beth-Cassel,Bran-Stark,Undirected,4,2
Beth-Cassel,Rodrik-Cassel,Undirected,4,2
Beth-Cassel,Theon-Greyjoy,Undirected,3,2
Biter,Jaqen-Hghar,Undirected,12,2
Biter,Rorge,Undirected,14,2
Biter,Yoren,Undirected,3,2
Boros-Blount,Cersei-Lannister,Undirected,7,2
Boros-Blount,Gyles-Rosby,Undirected,5,2
Boros-Blount,Joffrey-Baratheon,Undirected,11,2
Boros-Blount,Meryn-Trant,Undirected,13,2
Boros-Blount,Sansa-Stark,Undirected,8,2
Boros-Blount,Tanda-Stokeworth,Undirected,3,2
Boros-Blount,Tommen-Baratheon,Undirected,3,2
Boros-Blount,Tyrion-Lannister,Undirected,8,2
Bran-Stark,Catelyn-Stark,Undirected,3,2
Bran-Stark,Chayle,Undirected,3,2
Bran-Stark,Cley-Cerwyn,Undirected,5,2
Bran-Stark,Donella-Hornwood,Undirected,5,2
Bran-Stark,Eddard-Stark,Undirected,4,2
Bran-Stark,Hayhead,Undirected,6,2
Bran-Stark,Hodor,Undirected,59,2
Bran-Stark,Howland-Reed,Undirected,3,2
Bran-Stark,Jojen-Reed,Undirected,47,2
Bran-Stark,Jon-Snow,Undirected,11,2
Bran-Stark,Luwin,Undirected,51,2
Bran-Stark,Meera-Reed,Undirected,36,2
Bran-Stark,Mikken,Undirected,11,2
Bran-Stark,Nan,Undirected,7,2
Bran-Stark,Osha,Undirected,30,2
Bran-Stark,Poxy-Tym,Undirected,3,2
Bran-Stark,Ramsay-Snow,Undirected,7,2
Bran-Stark,Reek,Undirected,3,2
Bran-Stark,Rickon-Stark,Undirected,54,2
Bran-Stark,Robb-Stark,Undirected,28,2
Bran-Stark,Rodrik-Cassel,Undirected,34,2
Bran-Stark,Sansa-Stark,Undirected,5,2
Bran-Stark,Stafford-Lannister,Undirected,3,2
Bran-Stark,Theon-Greyjoy,Undirected,24,2
Bran-Stark,Walder-Frey-(son-of-Jammos),Undirected,5,2
Bran-Stark,Walder-Frey-(son-of-Merrett),Undirected,12,2
Bran-Stark,Wyman-Manderly,Undirected,6,2
Brienne-of-Tarth,Catelyn-Stark,Undirected,36,2
Brienne-of-Tarth,Edmure-Tully,Undirected,3,2
Brienne-of-Tarth,Emmon-Cuy,Undirected,8,2
Brienne-of-Tarth,Jaime-Lannister,Undirected,3,2
Brienne-of-Tarth,Renly-Baratheon,Undirected,28,2
Brienne-of-Tarth,Robar-Royce,Undirected,3,2
Brienne-of-Tarth,Robert-Baratheon,Undirected,3,2
Brienne-of-Tarth,Selwyn-Tarth,Undirected,4,2
Brienne-of-Tarth,Stannis-Baratheon,Undirected,5,2
Brienne-of-Tarth,Vyman,Undirected,3,2
Bronn,Cersei-Lannister,Undirected,11,2
Bronn,Jacelyn-Bywater,Undirected,7,2
Bronn,Joffrey-Baratheon,Undirected,9,2
Bronn,Mandon-Moore,Undirected,5,2
Bronn,Podrick-Payne,Undirected,3,2
Bronn,Stannis-Baratheon,Undirected,3,2
Bronn,Timett,Undirected,5,2
Bronn,Tommen-Baratheon,Undirected,3,2
Bronn,Tyrion-Lannister,Undirected,40,2
Bronn,Varys,Undirected,8,2
Bryce-Caron,Cortnay-Penrose,Undirected,3,2
Bryce-Caron,Eldon-Estermont,Undirected,3,2
Bryce-Caron,Guyard-Morrigen,Undirected,5,2
Bryce-Caron,Renly-Baratheon,Undirected,7,2
Bryce-Caron,Stannis-Baratheon,Undirected,3,2
Brynden-Tully,Catelyn-Stark,Undirected,5,2
Brynden-Tully,Robb-Stark,Undirected,6,2
Brynden-Tully,Tywin-Lannister,Undirected,3,2
Captain-Myraham,Theon-Greyjoy,Undirected,4,2
Captain-Myraham-Daughter,Theon-Greyjoy,Undirected,3,2
Catelyn-Stark,Cersei-Lannister,Undirected,14,2
Catelyn-Stark,Cleos-Frey,Undirected,5,2
Catelyn-Stark,Colen-of-Greenpools,Undirected,6,2
Catelyn-Stark,Desmond-Grell,Undirected,3,2
Catelyn-Stark,Eddard-Stark,Undirected,12,2
Catelyn-Stark,Edmure-Tully,Undirected,17,2
Catelyn-Stark,Hallis-Mollen,Undirected,6,2
Catelyn-Stark,Hoster-Tully,Undirected,5,2
Catelyn-Stark,Jaime-Lannister,Undirected,16,2
Catelyn-Stark,Joffrey-Baratheon,Undirected,4,2
Catelyn-Stark,Loras-Tyrell,Undirected,6,2
Catelyn-Stark,Lysa-Arryn,Undirected,7,2
Catelyn-Stark,Margaery-Tyrell,Undirected,4,2
Catelyn-Stark,Mathis-Rowan,Undirected,3,2
Catelyn-Stark,Randyll-Tarly,Undirected,3,2
Catelyn-Stark,Renly-Baratheon,Undirected,51,2
Catelyn-Stark,Rickon-Stark,Undirected,3,2
Catelyn-Stark,Robar-Royce,Undirected,7,2
Catelyn-Stark,Robb-Stark,Undirected,27,2
Catelyn-Stark,Robert-Baratheon,Undirected,5,2
Catelyn-Stark,Sansa-Stark,Undirected,3,2
Catelyn-Stark,Stafford-Lannister,Undirected,3,2
Catelyn-Stark,Stannis-Baratheon,Undirected,20,2
Catelyn-Stark,Theon-Greyjoy,Undirected,5,2
Catelyn-Stark,Tyrion-Lannister,Undirected,10,2
Catelyn-Stark,Tywin-Lannister,Undirected,14,2
Catelyn-Stark,Utherydes-Wayn,Undirected,3,2
Catelyn-Stark,Vyman,Undirected,4,2
Catelyn-Stark,Wendel-Manderly,Undirected,7,2
Cersei-Lannister,Chiswyck,Undirected,3,2
Cersei-Lannister,Cleos-Frey,Undirected,6,2
Cersei-Lannister,Dunsen,Undirected,3,2
Cersei-Lannister,Eddard-Stark,Undirected,13,2
Cersei-Lannister,Gregor-Clegane,Undirected,4,2
Cersei-Lannister,Gyles-Rosby,Undirected,6,2
Cersei-Lannister,Ilyn-Payne,Undirected,12,2
Cersei-Lannister,Jacelyn-Bywater,Undirected,4,2
Cersei-Lannister,Jaime-Lannister,Undirected,17,2
Cersei-Lannister,Janos-Slynt,Undirected,9,2
Cersei-Lannister,Joffrey-Baratheon,Undirected,63,2
Cersei-Lannister,Lancel-Lannister,Undirected,20,2
Cersei-Lannister,Lysa-Arryn,Undirected,5,2
Cersei-Lannister,Meryn-Trant,Undirected,11,2
Cersei-Lannister,Myrcella-Baratheon,Undirected,4,2
Cersei-Lannister,Osfryd-Kettleblack,Undirected,7,2
Cersei-Lannister,Osmund-Kettleblack,Undirected,4,2
Cersei-Lannister,Osney-Kettleblack,Undirected,3,2
Cersei-Lannister,Petyr-Baelish,Undirected,7,2
Cersei-Lannister,Polliver,Undirected,3,2
Cersei-Lannister,Preston-Greenfield,Undirected,3,2
Cersei-Lannister,Pycelle,Undirected,6,2
Cersei-Lannister,Rafford,Undirected,3,2
Cersei-Lannister,Renly-Baratheon,Undirected,7,2
Cersei-Lannister,Robb-Stark,Undirected,15,2
Cersei-Lannister,Robert-Baratheon,Undirected,12,2
Cersei-Lannister,Sandor-Clegane,Undirected,9,2
Cersei-Lannister,Sansa-Stark,Undirected,39,2
Cersei-Lannister,Shae,Undirected,5,2
Cersei-Lannister,Stannis-Baratheon,Undirected,23,2
Cersei-Lannister,Tanda-Stokeworth,Undirected,3,2
Cersei-Lannister,Tickler,Undirected,5,2
Cersei-Lannister,Tommen-Baratheon,Undirected,10,2
Cersei-Lannister,Tyrion-Lannister,Undirected,87,2
Cersei-Lannister,Tywin-Lannister,Undirected,10,2
Cersei-Lannister,Varys,Undirected,23,2
Cersei-Lannister,Vylarr,Undirected,3,2
Chataya,Tyrion-Lannister,Undirected,6,2
Chayle,Mikken,Undirected,4,2
Chella,Shae,Undirected,4,2
Chella,Tyrion-Lannister,Undirected,3,2
Chella,Varys,Undirected,4,2
Chett,Jon-Snow,Undirected,5,2
Chiswyck,Dunsen,Undirected,3,2
Chiswyck,Gregor-Clegane,Undirected,4,2
Chiswyck,Ilyn-Payne,Undirected,3,2
Chiswyck,Joffrey-Baratheon,Undirected,3,2
Chiswyck,Meryn-Trant,Undirected,3,2
Chiswyck,Polliver,Undirected,4,2
Chiswyck,Rafford,Undirected,7,2
Chiswyck,Sandor-Clegane,Undirected,3,2
Chiswyck,Tickler,Undirected,5,2
Chiswyck,Weese,Undirected,6,2
Cleos-Frey,Eddard-Stark,Undirected,3,2
Cleos-Frey,Jaime-Lannister,Undirected,3,2
Cleos-Frey,Robb-Stark,Undirected,11,2
Cleos-Frey,Tyrion-Lannister,Undirected,13,2
Cley-Cerwyn,Donella-Hornwood,Undirected,3,2
Cley-Cerwyn,Rodrik-Cassel,Undirected,4,2
Colen-of-Greenpools,Renly-Baratheon,Undirected,3,2
Cortnay-Penrose,Davos-Seaworth,Undirected,5,2
Cortnay-Penrose,Renly-Baratheon,Undirected,3,2
Cortnay-Penrose,Stannis-Baratheon,Undirected,18,2
Cortnay-Penrose,Tyrion-Lannister,Undirected,3,2
Cortnay-Penrose,Varys,Undirected,3,2
Craster,Dywen,Undirected,7,2
Craster,Eddison-Tollett,Undirected,3,2
Craster,Jeor-Mormont,Undirected,19,2
Craster,Jon-Snow,Undirected,26,2
Craster,Mance-Rayder,Undirected,4,2
Craster,Samwell-Tarly,Undirected,10,2
Craster,Thoren-Smallwood,Undirected,4,2
Cressen,Davos-Seaworth,Undirected,10,2
Cressen,Melisandre,Undirected,7,2
Cressen,Patchface,Undirected,8,2
Cressen,Pylos,Undirected,17,2
Cressen,Renly-Baratheon,Undirected,4,2
Cressen,Robert-Baratheon,Undirected,4,2
Cressen,Selyse-Florent,Undirected,3,2
Cressen,Shireen-Baratheon,Undirected,6,2
Cressen,Stannis-Baratheon,Undirected,21,2
Cutjack,Gendry,Undirected,3,2
Cutjack,Kurz,Undirected,4,2
Cutjack,Tarber,Undirected,3,2
Daenerys-Targaryen,Doreah,Undirected,3,2
Daenerys-Targaryen,Drogo,Undirected,8,2
Daenerys-Targaryen,Irri,Undirected,6,2
Daenerys-Targaryen,Jhiqui,Undirected,7,2
Daenerys-Targaryen,Jhogo,Undirected,12,2
Daenerys-Targaryen,Jorah-Mormont,Undirected,29,2
Daenerys-Targaryen,Lynesse-Hightower,Undirected,3,2
Daenerys-Targaryen,Mirri-Maz-Duur,Undirected,3,2
Daenerys-Targaryen,Pono,Undirected,4,2
Daenerys-Targaryen,Pyat-Pree,Undirected,14,2
Daenerys-Targaryen,Quaithe,Undirected,5,2
Daenerys-Targaryen,Rakharo,Undirected,4,2
Daenerys-Targaryen,Robert-Baratheon,Undirected,4,2
Daenerys-Targaryen,Viserys-Targaryen,Undirected,3,2
Daenerys-Targaryen,Xaro-Xhoan-Daxos,Undirected,13,2
Dagmer,Rodrik-Cassel,Undirected,3,2
Dagmer,Theon-Greyjoy,Undirected,7,2
Dalbridge,Ebben,Undirected,4,2
Dalbridge,Jon-Snow,Undirected,4,2
Dalbridge,Qhorin-Halfhand,Undirected,5,2
Davos-Seaworth,Devan-Seaworth,Undirected,4,2
Davos-Seaworth,Imry-Florent,Undirected,3,2
Davos-Seaworth,Matthos-Seaworth,Undirected,3,2
Davos-Seaworth,Melisandre,Undirected,20,2
Davos-Seaworth,Monford-Velaryon,Undirected,3,2
Davos-Seaworth,Pylos,Undirected,9,2
Davos-Seaworth,Renly-Baratheon,Undirected,6,2
Davos-Seaworth,Salladhor-Saan,Undirected,8,2
Davos-Seaworth,Stannis-Baratheon,Undirected,58,2
Desmond-Grell,Edmure-Tully,Undirected,4,2
Desmond-Grell,Utherydes-Wayn,Undirected,3,2
Devan-Seaworth,Renly-Baratheon,Undirected,3,2
Devan-Seaworth,Stannis-Baratheon,Undirected,13,2
Dolf,Shagga,Undirected,3,2
Donella-Hornwood,Leobald-Tallhart,Undirected,3,2
Donella-Hornwood,Luwin,Undirected,7,2
Donella-Hornwood,Mors-Umber,Undirected,3,2
Donella-Hornwood,Ramsay-Snow,Undirected,3,2
Donella-Hornwood,Rodrik-Cassel,Undirected,4,2
Dontos-Hollard,Joffrey-Baratheon,Undirected,8,2
Dontos-Hollard,Moon-Boy,Undirected,5,2
Dontos-Hollard,Sansa-Stark,Undirected,17,2
Dontos-Hollard,Stannis-Baratheon,Undirected,3,2
Dontos-Hollard,Tyrion-Lannister,Undirected,4,2
Doran-Martell,Myrcella-Baratheon,Undirected,4,2
Doran-Martell,Tyrion-Lannister,Undirected,3,2
Doran-Martell,Varys,Undirected,4,2
Drennan,Squint,Undirected,3,2
Drennan,Theon-Greyjoy,Undirected,3,2
Drogo,Jorah-Mormont,Undirected,4,2
Drogo,Pono,Undirected,4,2
Drogo,Viserys-Targaryen,Undirected,3,2
Dunsen,Gregor-Clegane,Undirected,4,2
Dunsen,Ilyn-Payne,Undirected,3,2
Dunsen,Joffrey-Baratheon,Undirected,3,2
Dunsen,Meryn-Trant,Undirected,3,2
Dunsen,Polliver,Undirected,7,2
Dunsen,Rafford,Undirected,6,2
Dunsen,Sandor-Clegane,Undirected,3,2
Dunsen,Tickler,Undirected,3,2
Dunsen,Weese,Undirected,3,2
Dywen,Grenn,Undirected,8,2
Dywen,Jon-Snow,Undirected,9,2
Ebben,Jon-Snow,Undirected,10,2
Ebben,Qhorin-Halfhand,Undirected,8,2
Ebben,Stonesnake,Undirected,4,2
Eddard-Stark,Ilyn-Payne,Undirected,5,2
Eddard-Stark,Janos-Slynt,Undirected,7,2
Eddard-Stark,Joffrey-Baratheon,Undirected,9,2
Eddard-Stark,Jon-Snow,Undirected,9,2
Eddard-Stark,Luwin,Undirected,3,2
Eddard-Stark,Maron-Greyjoy,Undirected,3,2
Eddard-Stark,Petyr-Baelish,Undirected,4,2
Eddard-Stark,Renly-Baratheon,Undirected,5,2
Eddard-Stark,Rickon-Stark,Undirected,3,2
Eddard-Stark,Robb-Stark,Undirected,11,2
Eddard-Stark,Robert-Baratheon,Undirected,26,2
Eddard-Stark,Stannis-Baratheon,Undirected,5,2
Eddard-Stark,Theon-Greyjoy,Undirected,17,2
Eddard-Stark,Tyrion-Lannister,Undirected,12,2
Eddard-Stark,Varys,Undirected,3,2
Eddison-Tollett,Jeor-Mormont,Undirected,4,2
Eddison-Tollett,Jon-Snow,Undirected,11,2
Edmure-Tully,Hoster-Tully,Undirected,3,2
Edmure-Tully,Jaime-Lannister,Undirected,3,2
Edmure-Tully,Robb-Stark,Undirected,12,2
Edmure-Tully,Tywin-Lannister,Undirected,8,2
Eldon-Estermont,Steffon-Varner,Undirected,3,2
Emmon-Cuy,Renly-Baratheon,Undirected,3,2
Emmon-Cuy,Robar-Royce,Undirected,3,2
Euron-Greyjoy,Theon-Greyjoy,Undirected,4,2
Farlen,Theon-Greyjoy,Undirected,6,2
Florian-the-Fool,Jonquil,Undirected,8,2
Florian-the-Fool,Sansa-Stark,Undirected,3,2
Gariss,Murch,Undirected,5,2
Garlan-Tyrell,Joffrey-Baratheon,Undirected,4,2
Garlan-Tyrell,Loras-Tyrell,Undirected,3,2
Gendry,Hot-Pie,Undirected,23,2
Gendry,Jaqen-Hghar,Undirected,4,2
Gendry,Lommy-Greenhands,Undirected,17,2
Gendry,Woth,Undirected,3,2
Gendry,Yoren,Undirected,8,2
Gregor-Clegane,Ilyn-Payne,Undirected,3,2
Gregor-Clegane,Joffrey-Baratheon,Undirected,3,2
Gregor-Clegane,Meryn-Trant,Undirected,4,2
Gregor-Clegane,Polliver,Undirected,5,2
Gregor-Clegane,Rafford,Undirected,6,2
Gregor-Clegane,Sandor-Clegane,Undirected,5,2
Gregor-Clegane,Tickler,Undirected,5,2
Gregor-Clegane,Tywin-Lannister,Undirected,4,2
Gregor-Clegane,Weese,Undirected,5,2
Grenn,Jeor-Mormont,Undirected,3,2
Grenn,Samwell-Tarly,Undirected,6,2
Guyard-Morrigen,Renly-Baratheon,Undirected,7,2
Gyles-Rosby,Jacelyn-Bywater,Undirected,4,2
Gyles-Rosby,Joffrey-Baratheon,Undirected,4,2
Gyles-Rosby,Lollys-Stokeworth,Undirected,5,2
Gyles-Rosby,Sansa-Stark,Undirected,3,2
Gyles-Rosby,Tanda-Stokeworth,Undirected,5,2
Gyles-Rosby,Tommen-Baratheon,Undirected,4,2
Gyles-Rosby,Tyrion-Lannister,Undirected,3,2
Gynir,Wex-Pyke,Undirected,4,2
Hake,Jon-Snow,Undirected,4,2
Hallis-Mollen,Wendel-Manderly,Undirected,3,2
Hallyne,Joffrey-Baratheon,Undirected,3,2
Hallyne,Tyrion-Lannister,Undirected,5,2
Halys-Hornwood,Rodrik-Cassel,Undirected,3,2
Harren-Hoare,Nan,Undirected,5,2
High-Septon-(fat_one),Tyrion-Lannister,Undirected,4,2
High-Septon-(Tyrions),Tyrion-Lannister,Undirected,4,2
Hobber-Redwyne,Horas-Redwyne,Undirected,7,2
Hodor,Jojen-Reed,Undirected,3,2
Hodor,Luwin,Undirected,17,2
Hodor,Meera-Reed,Undirected,10,2
Hodor,Osha,Undirected,16,2
Hodor,Rickon-Stark,Undirected,11,2
Hodor,Rodrik-Cassel,Undirected,3,2
Hodor,Wyman-Manderly,Undirected,3,2
Horas-Redwyne,Joffrey-Baratheon,Undirected,3,2
Hoster-Tully,Vyman,Undirected,3,2
Hot-Pie,Lommy-Greenhands,Undirected,28,2
Hot-Pie,Mebble,Undirected,4,2
Hot-Pie,Weasel,Undirected,4,2
Hot-Pie,Woth,Undirected,5,2
Hot-Pie,Yoren,Undirected,8,2
Ilyn-Payne,Joffrey-Baratheon,Undirected,13,2
Ilyn-Payne,Meryn-Trant,Undirected,8,2
Ilyn-Payne,Polliver,Undirected,3,2
Ilyn-Payne,Rafford,Undirected,3,2
Ilyn-Payne,Sandor-Clegane,Undirected,8,2
Ilyn-Payne,Sansa-Stark,Undirected,9,2
Ilyn-Payne,Tickler,Undirected,5,2
Irri,Jhiqui,Undirected,3,2
Jacelyn-Bywater,Janos-Slynt,Undirected,4,2
Jacelyn-Bywater,Joffrey-Baratheon,Undirected,7,2
Jacelyn-Bywater,Lancel-Lannister,Undirected,3,2
Jacelyn-Bywater,Tommen-Baratheon,Undirected,6,2
Jacelyn-Bywater,Tyrion-Lannister,Undirected,16,2
Jacelyn-Bywater,Varys,Undirected,4,2
Jaime-Lannister,Joffrey-Baratheon,Undirected,12,2
Jaime-Lannister,Jon-Snow,Undirected,3,2
Jaime-Lannister,Mandon-Moore,Undirected,4,2
Jaime-Lannister,Petyr-Baelish,Undirected,4,2
Jaime-Lannister,Renly-Baratheon,Undirected,9,2
Jaime-Lannister,Robb-Stark,Undirected,11,2
Jaime-Lannister,Robert-Baratheon,Undirected,11,2
Jaime-Lannister,Sansa-Stark,Undirected,5,2
Jaime-Lannister,Stafford-Lannister,Undirected,3,2
Jaime-Lannister,Stannis-Baratheon,Undirected,6,2
Jaime-Lannister,Theon-Greyjoy,Undirected,4,2
Jaime-Lannister,Tyrion-Lannister,Undirected,25,2
Jaime-Lannister,Tysha,Undirected,3,2
Jaime-Lannister,Tywin-Lannister,Undirected,5,2
Janos-Slynt,Joffrey-Baratheon,Undirected,10,2
Janos-Slynt,Petyr-Baelish,Undirected,5,2
Janos-Slynt,Tyrion-Lannister,Undirected,26,2
Janos-Slynt,Varys,Undirected,7,2
Jaqen-Hghar,Rorge,Undirected,16,2
Jaqen-Hghar,Weese,Undirected,4,2
Jaqen-Hghar,Yoren,Undirected,3,2
Jaremy-Rykker,Jeor-Mormont,Undirected,3,2
Jaremy-Rykker,Thoren-Smallwood,Undirected,3,2
Jarman-Buckwell,Jeor-Mormont,Undirected,4,2
Jarman-Buckwell,Jon-Snow,Undirected,4,2
Jarman-Buckwell,Thoren-Smallwood,Undirected,6,2
Jason-Mallister,Theon-Greyjoy,Undirected,4,2
Jeor-Mormont,Jon-Snow,Undirected,63,2
Jeor-Mormont,Jorah-Mormont,Undirected,3,2
Jeor-Mormont,Mance-Rayder,Undirected,4,2
Jeor-Mormont,Ottyn-Wythers,Undirected,3,2
Jeor-Mormont,Qhorin-Halfhand,Undirected,12,2
Jeor-Mormont,Samwell-Tarly,Undirected,17,2
Jeor-Mormont,Thoren-Smallwood,Undirected,11,2
Jhogo,Jorah-Mormont,Undirected,6,2
Joffrey-Baratheon,Lancel-Lannister,Undirected,4,2
Joffrey-Baratheon,Loras-Tyrell,Undirected,3,2
Joffrey-Baratheon,Mace-Tyrell,Undirected,4,2
Joffrey-Baratheon,Mandon-Moore,Undirected,8,2
Joffrey-Baratheon,Margaery-Tyrell,Undirected,6,2
Joffrey-Baratheon,Meryn-Trant,Undirected,19,2
Joffrey-Baratheon,Myrcella-Baratheon,Undirected,13,2
Joffrey-Baratheon,Osmund-Kettleblack,Undirected,9,2
Joffrey-Baratheon,Petyr-Baelish,Undirected,20,2
Joffrey-Baratheon,Polliver,Undirected,3,2
Joffrey-Baratheon,Pycelle,Undirected,6,2
Joffrey-Baratheon,Rafford,Undirected,3,2
Joffrey-Baratheon,Renly-Baratheon,Undirected,11,2
Joffrey-Baratheon,Robb-Stark,Undirected,16,2
Joffrey-Baratheon,Robert-Baratheon,Undirected,20,2
Joffrey-Baratheon,Sandor-Clegane,Undirected,27,2
Joffrey-Baratheon,Sansa-Stark,Undirected,76,2
Joffrey-Baratheon,Stannis-Baratheon,Undirected,21,2
Joffrey-Baratheon,Tickler,Undirected,4,2
Joffrey-Baratheon,Tommen-Baratheon,Undirected,23,2
Joffrey-Baratheon,Tyrion-Lannister,Undirected,92,2
Joffrey-Baratheon,Tywin-Lannister,Undirected,11,2
Joffrey-Baratheon,Varys,Undirected,24,2
Joffrey-Baratheon,Yoren,Undirected,3,2
Jojen-Reed,Luwin,Undirected,7,2
Jojen-Reed,Meera-Reed,Undirected,18,2
Jojen-Reed,Osha,Undirected,4,2
Jojen-Reed,Rickon-Stark,Undirected,5,2
Jon-Fossoway,Mathis-Rowan,Undirected,3,2
Jon-Snow,Lark,Undirected,4,2
Jon-Snow,Mance-Rayder,Undirected,4,2
Jon-Snow,Nan,Undirected,4,2
Jon-Snow,Ottyn-Wythers,Undirected,3,2
Jon-Snow,Qhorin-Halfhand,Undirected,47,2
Jon-Snow,Rattleshirt,Undirected,7,2
Jon-Snow,Rickon-Stark,Undirected,5,2
Jon-Snow,Robb-Stark,Undirected,13,2
Jon-Snow,Robert-Baratheon,Undirected,6,2
Jon-Snow,Samwell-Tarly,Undirected,52,2
Jon-Snow,Stonesnake,Undirected,13,2
Jon-Snow,Thoren-Smallwood,Undirected,4,2
Jon-Snow,Ygritte,Undirected,12,2
Jon-Umber-(Greatjon),Robb-Stark,Undirected,8,2
Jorah-Mormont,Pono,Undirected,3,2
Jorah-Mormont,Rakharo,Undirected,3,2
Jorah-Mormont,Rhaegar-Targaryen,Undirected,4,2
Jorah-Mormont,Robert-Baratheon,Undirected,7,2
Koss,Yoren,Undirected,5,2
Kyra,Theon-Greyjoy,Undirected,4,2
Lancel-Lannister,Robert-Baratheon,Undirected,4,2
Lancel-Lannister,Sansa-Stark,Undirected,3,2
Lancel-Lannister,Tyrion-Lannister,Undirected,18,2
Lancel-Lannister,Varys,Undirected,3,2
Leobald-Tallhart,Rodrik-Cassel,Undirected,5,2
Lollys-Stokeworth,Tanda-Stokeworth,Undirected,7,2
Lommy-Greenhands,Weasel,Undirected,7,2
Lommy-Greenhands,Woth,Undirected,3,2
Lommy-Greenhands,Yoren,Undirected,13,2
Loras-Tyrell,Mace-Tyrell,Undirected,6,2
Loras-Tyrell,Renly-Baratheon,Undirected,14,2
Loras-Tyrell,Robert-Baratheon,Undirected,3,2
Loras-Tyrell,Stannis-Baratheon,Undirected,4,2
Loras-Tyrell,Tyrion-Lannister,Undirected,8,2
Lorent-Caswell,Renly-Baratheon,Undirected,3,2
Lorren,Squint,Undirected,3,2
Lorren,Theon-Greyjoy,Undirected,7,2
Lorren,Urzen,Undirected,3,2
Lorren,Wex-Pyke,Undirected,4,2
Luwin,Meera-Reed,Undirected,4,2
Luwin,Osha,Undirected,12,2
Luwin,Rickon-Stark,Undirected,12,2
Luwin,Robb-Stark,Undirected,6,2
Luwin,Rodrik-Cassel,Undirected,18,2
Luwin,Theon-Greyjoy,Undirected,17,2
Luwin,Walder-Frey-(son-of-Merrett),Undirected,4,2
Lysa-Arryn,Tyrion-Lannister,Undirected,5,2
Mace-Tyrell,Paxter-Redwyne,Undirected,3,2
Mace-Tyrell,Randyll-Tarly,Undirected,3,2
Mace-Tyrell,Renly-Baratheon,Undirected,4,2
Mace-Tyrell,Stannis-Baratheon,Undirected,3,2
Mance-Rayder,Qhorin-Halfhand,Undirected,4,2
Mance-Rayder,Thoren-Smallwood,Undirected,3,2
Mandon-Moore,Sandor-Clegane,Undirected,5,2
Mandon-Moore,Sansa-Stark,Undirected,3,2
Mandon-Moore,Tyrion-Lannister,Undirected,16,2
Margaery-Tyrell,Renly-Baratheon,Undirected,13,2
Margaery-Tyrell,Sansa-Stark,Undirected,4,2
Margaery-Tyrell,Varys,Undirected,3,2
Martyn-Rivers,Robb-Stark,Undirected,3,2
Mathis-Rowan,Randyll-Tarly,Undirected,4,2
Mathis-Rowan,Renly-Baratheon,Undirected,8,2
Mathis-Rowan,Stannis-Baratheon,Undirected,3,2
Meera-Reed,Osha,Undirected,6,2
Meera-Reed,Rickon-Stark,Undirected,6,2
Melisandre,Renly-Baratheon,Undirected,4,2
Melisandre,Selyse-Florent,Undirected,6,2
Melisandre,Stannis-Baratheon,Undirected,14,2
Meryn-Trant,Osmund-Kettleblack,Undirected,8,2
Meryn-Trant,Polliver,Undirected,3,2
Meryn-Trant,Rafford,Undirected,3,2
Meryn-Trant,Sandor-Clegane,Undirected,10,2
Meryn-Trant,Tickler,Undirected,5,2
Meryn-Trant,Tyrion-Lannister,Undirected,7,2
Mikken,Osha,Undirected,3,2
Mikken,Theon-Greyjoy,Undirected,4,2
Monford-Velaryon,Stannis-Baratheon,Undirected,3,2
Myrcella-Baratheon,Robb-Stark,Undirected,3,2
Myrcella-Baratheon,Robert-Arryn,Undirected,4,2
Myrcella-Baratheon,Sandor-Clegane,Undirected,4,2
Myrcella-Baratheon,Sansa-Stark,Undirected,6,2
Myrcella-Baratheon,Tommen-Baratheon,Undirected,12,2
Myrcella-Baratheon,Trystane-Martell,Undirected,4,2
Myrcella-Baratheon,Tyrion-Lannister,Undirected,8,2
Olyvar-Frey,Robb-Stark,Undirected,4,2
Osha,Rickon-Stark,Undirected,8,2
Osha,Robb-Stark,Undirected,3,2
Osha,Theon-Greyjoy,Undirected,4,2
Osmund-Kettleblack,Osney-Kettleblack,Undirected,4,2
Osmund-Kettleblack,Sansa-Stark,Undirected,4,2
Osmund-Kettleblack,Tyrion-Lannister,Undirected,7,2
Ottyn-Wythers,Samwell-Tarly,Undirected,3,2
Palla,Theon-Greyjoy,Undirected,3,2
Patchface,Stannis-Baratheon,Undirected,6,2
Perwyn-Frey,Robb-Stark,Undirected,3,2
Perwyn-Frey,Wendel-Manderly,Undirected,3,2
Petyr-Baelish,Podrick-Payne,Undirected,4,2
Petyr-Baelish,Pycelle,Undirected,8,2
Petyr-Baelish,Renly-Baratheon,Undirected,5,2
Petyr-Baelish,Sansa-Stark,Undirected,4,2
Petyr-Baelish,Stannis-Baratheon,Undirected,8,2
Petyr-Baelish,Tyrion-Lannister,Undirected,41,2
Petyr-Baelish,Varys,Undirected,27,2
Podrick-Payne,Tyrion-Lannister,Undirected,13,2
Polliver,Rafford,Undirected,7,2
Polliver,Sandor-Clegane,Undirected,3,2
Polliver,Tickler,Undirected,3,2
Polliver,Weese,Undirected,3,2
Preston-Greenfield,Tyrion-Lannister,Undirected,3,2
Pyat-Pree,Xaro-Xhoan-Daxos,Undirected,10,2
Pycelle,Robert-Baratheon,Undirected,3,2
Pycelle,Shagga,Undirected,4,2
Pycelle,Stannis-Baratheon,Undirected,3,2
Pycelle,Tyrion-Lannister,Undirected,21,2
Pycelle,Varys,Undirected,9,2
Pylos,Shireen-Baratheon,Undirected,5,2
Pylos,Stannis-Baratheon,Undirected,11,2
Qhorin-Halfhand,Rattleshirt,Undirected,3,2
Qhorin-Halfhand,Stonesnake,Undirected,6,2
Qhorin-Halfhand,Thoren-Smallwood,Undirected,3,2
Qyburn,Roose-Bolton,Undirected,3,2
Rafford,Sandor-Clegane,Undirected,3,2
Rafford,Tickler,Undirected,4,2
Ramsay-Snow,Reek,Undirected,4,2
Ramsay-Snow,Robb-Stark,Undirected,3,2
Ramsay-Snow,Rodrik-Cassel,Undirected,5,2
Ramsay-Snow,Roose-Bolton,Undirected,5,2
Randyll-Tarly,Renly-Baratheon,Undirected,6,2
Randyll-Tarly,Stannis-Baratheon,Undirected,3,2
Rattleshirt,Ygritte,Undirected,4,2
Ramsay-Snow,Theon-Greyjoy,Undirected,14,2
Renly-Baratheon,Robb-Stark,Undirected,22,2
Renly-Baratheon,Robert-Baratheon,Undirected,29,2
Renly-Baratheon,Sansa-Stark,Undirected,4,2
Renly-Baratheon,Stannis-Baratheon,Undirected,70,2
Renly-Baratheon,Steffon-Baratheon,Undirected,3,2
Renly-Baratheon,Tyrion-Lannister,Undirected,14,2
Renly-Baratheon,Tywin-Lannister,Undirected,3,2
Renly-Baratheon,Varys,Undirected,5,2
Rhaegar-Targaryen,Robert-Baratheon,Undirected,5,2
Rhaegar-Targaryen,Viserys-Targaryen,Undirected,3,2
Rhaenys-Targaryen,Visenya-Targaryen,Undirected,3,2
Rickard-Karstark,Robb-Stark,Undirected,3,2
Rickon-Stark,Robb-Stark,Undirected,12,2
Rickon-Stark,Rodrik-Cassel,Undirected,3,2
Rickon-Stark,Sansa-Stark,Undirected,5,2
Rickon-Stark,Theon-Greyjoy,Undirected,8,2
Rickon-Stark,Walder-Frey-(son-of-Merrett),Undirected,5,2
Robb-Stark,Robert-Baratheon,Undirected,3,2
Robb-Stark,Rodrik-Cassel,Undirected,9,2
Robb-Stark,Roose-Bolton,Undirected,7,2
Robb-Stark,Sansa-Stark,Undirected,11,2
Robb-Stark,Stafford-Lannister,Undirected,5,2
Robb-Stark,Stannis-Baratheon,Undirected,12,2
Robb-Stark,Theon-Greyjoy,Undirected,21,2
Robb-Stark,Tyrion-Lannister,Undirected,18,2
Robb-Stark,Tywin-Lannister,Undirected,6,2
Robb-Stark,Varys,Undirected,3,2
Robb-Stark,Walder-Frey,Undirected,6,2
Robb-Stark,Wyman-Manderly,Undirected,3,2
Robert-Baratheon,Sansa-Stark,Undirected,6,2
Robert-Baratheon,Stannis-Baratheon,Undirected,25,2
Robert-Baratheon,Tyrion-Lannister,Undirected,10,2
Robert-Baratheon,Tywin-Lannister,Undirected,4,2
Robert-Baratheon,Varys,Undirected,4,2
Robett-Glover,Rorge,Undirected,3,2
Robett-Glover,Vargo-Hoat,Undirected,3,2
Rodrik-Cassel,Roose-Bolton,Undirected,4,2
Rodrik-Cassel,Theon-Greyjoy,Undirected,12,2
Rodrik-Cassel,Walder-Frey-(son-of-Merrett),Undirected,3,2
Rodrik-Cassel,Wyman-Manderly,Undirected,6,2
Roose-Bolton,Tywin-Lannister,Undirected,5,2
Roose-Bolton,Vargo-Hoat,Undirected,6,2
Roose-Bolton,Walder-Frey,Undirected,3,2
Rorge,Vargo-Hoat,Undirected,3,2
Rorge,Yoren,Undirected,4,2
Salladhor-Saan,Stannis-Baratheon,Undirected,6,2
Sandor-Clegane,Sansa-Stark,Undirected,19,2
Sandor-Clegane,Tickler,Undirected,5,2
Sandor-Clegane,Tommen-Baratheon,Undirected,5,2
Sandor-Clegane,Tyrion-Lannister,Undirected,13,2
Sansa-Stark,Stannis-Baratheon,Undirected,8,2
Sansa-Stark,Tanda-Stokeworth,Undirected,4,2
Sansa-Stark,Tommen-Baratheon,Undirected,10,2
Sansa-Stark,Tyrion-Lannister,Undirected,31,2
Selyse-Florent,Stannis-Baratheon,Undirected,15,2
Shadd,Wendel-Manderly,Undirected,3,2
Shae,Stannis-Baratheon,Undirected,3,2
Shae,Tyrion-Lannister,Undirected,30,2
Shae,Tysha,Undirected,3,2
Shae,Varys,Undirected,16,2
Shagga,Timett,Undirected,4,2
Shagga,Tyrion-Lannister,Undirected,15,2
Squint,Theon-Greyjoy,Undirected,3,2
Stannis-Baratheon,Steffon-Baratheon,Undirected,3,2
Stannis-Baratheon,Tyrion-Lannister,Undirected,39,2
Stannis-Baratheon,Tywin-Lannister,Undirected,4,2
Stannis-Baratheon,Varys,Undirected,5,2
Stonesnake,Ygritte,Undirected,3,2
Stygg,Theon-Greyjoy,Undirected,4,2
Stygg,Werlag,Undirected,3,2
Syrio-Forel,Yoren,Undirected,3,2
Tanda-Stokeworth,Tyrion-Lannister,Undirected,4,2
Theon-Greyjoy,Urzen,Undirected,3,2
Theon-Greyjoy,Victarion-Greyjoy,Undirected,3,2
Theon-Greyjoy,Werlag,Undirected,3,2
Theon-Greyjoy,Wex-Pyke,Undirected,14,2
Timett,Tyrion-Lannister,Undirected,10,2
Timett,Varys,Undirected,3,2
Tommen-Baratheon,Tyrion-Lannister,Undirected,10,2
Tyrion-Lannister,Tysha,Undirected,4,2
Tyrion-Lannister,Tywin-Lannister,Undirected,6,2
Tyrion-Lannister,Varys,Undirected,63,2
Tyrion-Lannister,Vylarr,Undirected,6,2
Tywin-Lannister,Vargo-Hoat,Undirected,4,2
Tywin-Lannister,Weese,Undirected,7,2
Walder-Frey-(son-of-Jammos),Walder-Frey-(son-of-Merrett),Undirected,5,2
Walder-Frey-(son-of-Merrett),Wex-Pyke,Undirected,4,2
Weasel,Weese,Undirected,6,2
Woth,Yoren,Undirected,4,2
Palla,Ramsay-Snow,Undirected,3,
